date,precio_alq_valencia,variación_mensual_valencia,variación_trimestral_valencia,variación_anual_valencia
2022-09-01,9.6,0.01,0.07,0.16
2022-08-01,9.5,0.04,0.08,0.14
2022-07-01,9.1,0.02,0.06,0.11
2022-06-01,9.0,0.02,0.05,0.1
2022-05-01,8.8,0.02,0.03,0.08
2022-04-01,8.6,0.01,0.03,0.06
2022-03-01,8.5,0.01,0.03,0.06
2022-02-01,8.5,0.01,0.03,0.04
2022-01-01,8.4,0.02,0.01,0.02
2021-12-01,8.3,0.0,0.0,0.0
2021-11-01,8.2,-0.01,-0.01,-0.01
2021-10-01,8.3,0.0,0.0,-0.01
2021-09-01,8.3,0.0,0.01,-0.01
2021-08-01,8.3,0.0,0.02,-0.01
2021-07-01,8.3,0.01,0.02,-0.02
2021-06-01,8.2,0.0,0.01,-0.04
2021-05-01,8.1,0.0,0.0,-0.04
2021-04-01,8.1,0.0,-0.02,-0.02
2021-03-01,8.1,-0.01,-0.02,-0.01
2021-02-01,8.1,-0.01,-0.02,0.0
2021-01-01,8.2,0.0,-0.01,0.02
2020-12-01,8.3,-0.01,0.0,0.03
2020-11-01,8.3,0.0,0.0,0.03
2020-10-01,8.3,0.01,-0.01,0.03
2020-09-01,8.3,-0.01,-0.03,0.03
2020-08-01,8.4,-0.01,-0.01,0.03
2020-07-01,8.4,-0.01,0.02,0.05
2020-06-01,8.5,0.01,0.04,0.07
2020-05-01,8.4,0.02,0.04,0.1
2020-04-01,8.3,0.01,0.03,0.1
2020-03-01,8.2,0.01,0.02,0.1
2020-02-01,8.1,0.01,0.01,0.11
2020-01-01,8.1,0.01,0.0,0.11
2019-12-01,8.0,0.0,-0.01,0.09
2019-11-01,8.1,-0.01,-0.01,0.09
2019-10-01,8.1,0.0,0.01,0.1
2019-09-01,8.1,0.0,0.01,0.1
2019-08-01,8.1,0.01,0.06,0.1
2019-07-01,8.1,0.01,0.07,0.11
2019-06-01,8.0,0.04,0.07,0.1
2019-05-01,7.7,0.01,0.05,0.07
2019-04-01,7.6,0.02,0.04,0.06
2019-03-01,7.5,0.02,0.01,0.06
2019-02-01,7.3,0.0,-0.01,0.06
2019-01-01,7.3,-0.01,-0.01,0.08
2018-12-01,7.4,0.01,0.01,0.1
2018-11-01,7.4,0.0,0.0,0.1
2018-10-01,7.4,0.0,0.02,0.12
2018-09-01,7.4,0.0,0.02,0.12
2018-08-01,7.3,0.01,0.03,0.13
2018-07-01,7.3,0.0,0.02,0.12
2018-06-01,7.2,0.01,0.03,0.12
2018-05-01,7.1,0.0,0.04,0.12
2018-04-01,7.2,0.02,0.05,0.14
2018-03-01,7.0,0.02,0.04,0.13
2018-02-01,6.9,0.02,0.03,0.13
2018-01-01,6.8,0.01,0.03,0.12
2017-12-01,6.7,0.0,0.03,0.11
2017-11-01,6.7,0.01,0.03,0.11
2017-10-01,6.6,0.01,0.02,0.11
2017-09-01,6.6,0.01,0.01,0.1
2017-08-01,6.5,0.0,0.02,0.1
2017-07-01,6.5,0.0,0.04,0.11
2017-06-01,6.5,0.02,0.04,0.11
2017-05-01,6.4,0.02,0.04,0.09
2017-04-01,6.3,0.01,0.04,0.08
2017-03-01,6.2,0.02,0.02,0.09
2017-02-01,6.1,0.01,0.02,0.09
2017-01-01,6.1,0.0,0.01,0.08
2016-12-01,6.1,0.01,0.02,0.1
2016-11-01,6.0,0.01,0.02,0.09
2016-10-01,6.0,0.01,0.03,0.1
2016-09-01,5.9,0.0,0.02,0.08
2016-08-01,5.9,0.01,0.02,0.09
2016-07-01,5.8,0.0,0.01,0.08
2016-06-01,5.8,0.0,0.02,0.08
2016-05-01,5.8,0.01,0.04,0.08
2016-04-01,5.8,0.02,0.03,0.08
2016-03-01,5.7,0.01,0.03,0.07
2016-02-01,5.6,0.0,0.02,0.07
2016-01-01,5.6,0.02,0.03,0.07
2015-12-01,5.5,0.0,0.0,0.05
2015-11-01,5.5,0.01,0.01,0.04
2015-10-01,5.4,-0.02,0.0,0.03
2015-09-01,5.5,0.02,0.03,0.04
2015-08-01,5.4,0.0,0.01,0.02
2015-07-01,5.4,0.01,0.01,0.03
2015-06-01,5.4,0.0,0.02,0.03
2015-05-01,5.4,0.0,0.02,0.03
2015-04-01,5.4,0.01,0.02,0.01
2015-03-01,5.3,0.0,0.01,0.02
2015-02-01,5.3,0.0,0.0,0.02
2015-01-01,5.3,0.0,-0.01,0.01
2014-12-01,5.3,0.0,-0.01,0.01
2014-11-01,5.3,0.0,-0.01,0.0
2014-10-01,5.3,-0.01,0.01,0.0
2014-09-01,5.3,0.0,0.02,0.0
2014-08-01,5.3,0.01,0.02,0.0
2014-07-01,5.3,0.01,-0.01,-0.02
2014-06-01,5.2,0.0,0.01,-0.03
2014-05-01,5.2,-0.01,0.01,-0.03
2014-04-01,5.3,0.02,0.02,-0.02
2014-03-01,5.2,0.0,0.0,-0.04
2014-02-01,5.2,0.0,-0.01,-0.04
2014-01-01,5.2,-0.01,-0.02,-0.05
2013-12-01,5.2,-0.01,-0.02,-0.05
2013-11-01,5.3,-0.01,-0.01,-0.06
2013-10-01,5.3,0.0,-0.02,-0.05
2013-09-01,5.3,0.0,-0.02,-0.06
2013-08-01,5.3,-0.01,-0.01,-0.07
2013-07-01,5.4,-0.01,0.0,-0.06
2013-06-01,5.4,0.01,0.0,-0.06
2013-05-01,5.4,0.0,-0.01,-0.07
2013-04-01,5.4,0.0,-0.01,-0.06
2013-03-01,5.4,-0.01,-0.02,-0.06
2013-02-01,5.4,0.0,-0.03,-0.05
2013-01-01,5.4,-0.01,-0.03,-0.05
2012-12-01,5.5,-0.01,-0.02,-0.04
2012-11-01,5.6,0.0,-0.02,-0.05
2012-10-01,5.6,-0.01,-0.02,-0.04
2012-09-01,5.6,-0.01,-0.02,-0.02
2012-08-01,5.7,0.0,-0.01,-0.01
2012-07-01,5.7,-0.01,-0.01,-0.01
2012-06-01,5.8,0.0,0.01,0.01
2012-05-01,5.8,0.0,0.0,0.02
2012-04-01,5.7,0.0,0.0,0.01
2012-03-01,5.7,0.0,-0.01,0.01
2012-02-01,5.7,0.0,-0.02,0.02
2012-01-01,5.8,0.0,-0.01,0.02
2011-12-01,5.8,-0.01,0.0,0.02
2011-11-01,5.8,0.0,0.01,0.02
2011-10-01,5.8,0.01,0.01,0.02
2011-09-01,5.8,0.0,0.01,0.01
2011-08-01,5.8,0.0,0.02,-0.01
2011-07-01,5.8,0.01,0.02,-0.03
2011-06-01,5.7,0.01,0.01,-0.03
2011-05-01,5.7,0.0,0.01,-0.06
2011-04-01,5.7,0.0,0.01,-0.06
2011-03-01,5.7,0.01,0.0,-0.06
2011-02-01,5.6,0.0,-0.02,-0.06
2011-01-01,5.6,-0.01,-0.02,-0.06
2010-12-01,5.7,-0.01,-0.01,-0.07
2010-11-01,5.7,0.0,-0.01,-0.06
2010-10-01,5.7,0.0,-0.04,-0.07
2010-09-01,5.7,-0.01,-0.03,-0.07
2010-08-01,5.8,-0.03,-0.03,-0.08
2010-07-01,6.0,0.01,0.0,-0.05
2010-06-01,5.9,-0.01,-0.01,-0.05
2010-05-01,6.0,0.0,0.01,-0.03
2010-04-01,6.0,0.0,0.0,-0.05
2010-03-01,6.0,0.01,-0.02,-0.05
2010-02-01,6.0,-0.01,-0.02,-0.09
2010-01-01,6.0,-0.02,-0.02,-0.08
2009-12-01,6.1,0.0,-0.02,-0.07
2009-11-01,6.1,0.0,-0.03,-0.11
2009-10-01,6.1,-0.01,-0.03,-0.13
2009-09-01,6.2,-0.01,0.0,-0.11
2009-08-01,6.3,0.0,0.01,-0.13
2009-07-01,6.3,0.01,0.0,-0.14
2009-06-01,6.2,0.0,-0.02,-0.18
2009-05-01,6.2,-0.02,-0.05,-0.14
2009-04-01,6.3,-0.01,-0.04,-0.14
2009-03-01,6.3,-0.03,-0.03,-0.14
2009-02-01,6.5,0.0,-0.05,-0.16
2009-01-01,6.5,0.0,-0.07,-0.18
2008-12-01,6.5,-0.05,-0.07,-0.2
2008-11-01,6.9,-0.02,-0.05,-0.13
2008-10-01,7.0,0.01,-0.04,-0.14
2008-09-01,7.0,-0.03,-0.07,-0.19
2008-08-01,7.2,-0.01,0.0,-0.15
2008-07-01,7.3,-0.03,0.0,-0.15
2008-06-01,7.5,0.05,0.03,-0.12
2008-05-01,7.2,-0.01,-0.07,-0.07
2008-04-01,7.3,0.0,-0.09,-0.14
2008-03-01,7.3,-0.06,-0.1,-0.17
2008-02-01,7.8,-0.03,-0.02,-0.14
2008-01-01,8.0,-0.02,-0.03,-0.11
2007-12-01,8.1,0.03,-0.05,-0.11
2007-11-01,7.9,-0.03,-0.07,-0.12
2007-10-01,8.2,-0.05,-0.04,-0.11
2007-09-01,8.6,0.01,0.01,-0.06
2007-08-01,8.5,0.0,0.11,-0.12
2007-07-01,8.6,0.01,0.01,0.0
2007-06-01,8.5,0.1,-0.04,0.0
2007-05-01,7.7,-0.09,-0.15,0.0
2007-04-01,8.5,-0.04,-0.05,0.0
2007-03-01,8.8,-0.02,-0.03,0.0
2007-02-01,9.1,0.01,0.0,0.0
2007-01-01,8.9,-0.02,-0.04,0.0
2006-12-01,9.2,0.01,0.0,0.0
2006-11-01,9.0,-0.02,-0.07,0.0
2006-10-01,9.3,0.02,0.0,0.0
2006-09-01,9.1,-0.06,0.0,0.0
2006-08-01,9.7,0.0,0.0,0.0
2006-07-01,9.7,0.0,0.0,0.0
2006-06-01,9.7,0.0,0.0,0.0
2006-05-01,9.7,0.0,0.0,0.0
2006-04-01,9.7,0.0,0.0,0.0
2006-03-01,9.7,0.0,0.0,0.0
2006-02-01,9.7,0.0,0.0,0.0
2006-01-01,9.7,0.0,0.0,0.0
